<?xml version="1.0" encoding="UTF-8"?>
<project-private xmlns="http://www.netbeans.org/ns/project-private/1">
    <editor-bookmarks xmlns="http://www.netbeans.org/ns/editor-bookmarks/2" lastBookmarkId="1">
        <file>
            <url>pages/mail.php</url>
            <bookmark id="1">
                <name/>
                <line>307</line>
                <key/>
            </bookmark>
        </file>
    </editor-bookmarks>
    <open-files xmlns="http://www.netbeans.org/ns/projectui-open-files/2">
        <group>
            <file>file:/C:/xampp/htdocs/otm/pages/tododetail.php</file>
            <file>file:/C:/xampp/htdocs/otm/pages/profile.php</file>
            <file>file:/C:/xampp/htdocs/otm/pages/menu.php</file>
            <file>file:/C:/xampp/htdocs/otm/pages/campaign.php</file>
            <file>file:/C:/xampp/htdocs/otm/pages/setting.php</file>
            <file>file:/C:/xampp/htdocs/otm/pages/userdata.php</file>
            <file>file:/C:/xampp/htdocs/otm/pages/login.php</file>
            <file>file:/C:/xampp/htdocs/otm/pages/mail.php</file>
            <file>file:/C:/xampp/htdocs/otm/pages/campaign_detail.php</file>
            <file>file:/C:/xampp/htdocs/otm/pages/updatetodosedit.php</file>
            <file>file:/C:/xampp/htdocs/otm/pages/updatecamp.php</file>
            <file>file:/C:/xampp/htdocs/otm/pages/index.php</file>
            <file>file:/C:/xampp/htdocs/otm/pages/header.php</file>
            <file>file:/C:/xampp/htdocs/otm/pages/todoupdatereassign.php</file>
            <file>file:/C:/xampp/htdocs/otm/pages/todos.php</file>
            <file>file:/C:/xampp/htdocs/otm/pages/forgotpass.php</file>
            <file>file:/C:/xampp/htdocs/otm/pages/calendar.php</file>
            <file>file:/C:/xampp/htdocs/otm/pages/calendardata.php</file>
            <file>file:/C:/xampp/htdocs/otm/pages/updatetodos.php</file>
        </group>
    </open-files>
</project-private>
